,GAME_ID,GAME_DATE,HOME_SCORE,AWAY_SCORE,HOME_TEAM_ID,AWAY_TEAM_ID
0,0022100002,2021-10-19,121,114,1610612744,1610612747
1,0022100001,2021-10-19,104,127,1610612751,1610612749
2,0022100003,2021-10-20,123,122,1610612766,1610612754
3,0022100004,2021-10-20,88,94,1610612765,1610612741
4,0022100006,2021-10-20,83,98,1610612761,1610612764
5,0022100009,2021-10-20,97,117,1610612740,1610612755
6,0022100007,2021-10-20,121,132,1610612739,1610612763
7,0022100008,2021-10-20,106,124,1610612745,1610612750
8,0022100005,2021-10-20,138,134,1610612752,1610612738
9,0022100010,2021-10-20,97,123,1610612753,1610612759
10,0022100012,2021-10-20,98,110,1610612756,1610612743
11,0022100013,2021-10-20,124,121,1610612758,1610612757
12,0022100011,2021-10-20,107,86,1610612762,1610612760
13,0022100014,2021-10-21,87,113,1610612742,1610612737
14,0022100015,2021-10-21,137,95,1610612748,1610612749
15,0022100016,2021-10-21,113,115,1610612746,1610612744
16,0022100017,2021-10-22,112,123,1610612739,1610612766
17,0022100018,2021-10-22,96,121,1610612753,1610612752
18,0022100019,2021-10-22,135,134,1610612764,1610612754
19,0022100020,2021-10-22,83,115,1610612738,1610612761
20,0022100021,2021-10-22,109,114,1610612755,1610612751
21,0022100022,2021-10-22,112,128,1610612740,1610612741
22,0022100023,2021-10-22,91,124,1610612760,1610612745
23,0022100024,2021-10-22,102,96,1610612743,1610612759
24,0022100025,2021-10-22,105,115,1610612747,1610612756
25,0022100026,2021-10-22,110,101,1610612762,1610612758
26,0022100027,2021-10-23,101,95,1610612739,1610612737
27,0022100028,2021-10-23,91,102,1610612748,1610612754
28,0022100029,2021-10-23,95,103,1610612761,1610612742
29,0022100030,2021-10-23,82,97,1610612765,1610612741
30,0022100031,2021-10-23,89,96,1610612740,1610612750
31,0022100032,2021-10-23,111,121,1610612759,1610612749
32,0022100033,2021-10-23,105,134,1610612756,1610612757
33,0022100034,2021-10-23,120,114,1610612763,1610612746
34,0022100035,2021-10-24,111,95,1610612766,1610612751
35,0022100038,2021-10-24,103,115,1610612760,1610612755
36,0022100037,2021-10-24,107,97,1610612738,1610612745
37,0022100036,2021-10-24,104,110,1610612752,1610612753
38,0022100039,2021-10-24,107,119,1610612758,1610612744
39,0022100040,2021-10-24,118,121,1610612763,1610612747
40,0022100041,2021-10-25,140,129,1610612738,1610612766
41,0022100044,2021-10-25,104,90,1610612751,1610612764
42,0022100046,2021-10-25,111,108,1610612741,1610612761
43,0022100045,2021-10-25,107,90,1610612748,1610612753
44,0022100042,2021-10-25,119,109,1610612749,1610612754
45,0022100049,2021-10-25,86,116,1610612757,1610612746
46,0022100047,2021-10-25,98,107,1610612750,1610612740
47,0022100048,2021-10-25,87,99,1610612743,1610612739
48,0022100043,2021-10-25,122,104,1610612737,1610612765
49,0022100050,2021-10-26,112,99,1610612752,1610612755
50,0022100052,2021-10-26,116,106,1610612742,1610612745
51,0022100053,2021-10-26,121,125,1610612759,1610612747
52,0022100054,2021-10-26,110,122,1610612743,1610612762
53,0022100051,2021-10-26,98,106,1610612760,1610612744
54,0022100055,2021-10-27,111,120,1610612753,1610612766
55,0022100057,2021-10-27,93,106,1610612751,1610612748
56,0022100059,2021-10-27,102,99,1610612737,1610612740
57,0022100058,2021-10-27,118,100,1610612761,1610612754
58,0022100060,2021-10-27,108,113,1610612749,1610612750
59,0022100061,2021-10-27,123,115,1610612760,1610612747
60,0022100062,2021-10-27,107,110,1610612756,1610612758
61,0022100056,2021-10-27,116,107,1610612764,1610612738
62,0022100063,2021-10-27,116,96,1610612757,1610612763
63,0022100064,2021-10-27,79,92,1610612746,1610612739
64,0022100066,2021-10-28,111,122,1610612737,1610612764
65,0022100065,2021-10-28,102,110,1610612765,1610612755
66,0022100068,2021-10-28,122,91,1610612762,1610612745
67,0022100067,2021-10-28,104,103,1610612752,1610612741
68,0022100069,2021-10-28,104,99,1610612742,1610612759
69,0022100070,2021-10-28,104,101,1610612763,1610612744
70,0022100071,2021-10-29,109,110,1610612753,1610612761
71,0022100073,2021-10-29,99,114,1610612766,1610612748
72,0022100072,2021-10-29,105,98,1610612751,1610612754
73,0022100074,2021-10-29,113,109,1610612758,1610612740
74,0022100076,2021-10-29,92,111,1610612746,1610612757
75,0022100075,2021-10-29,75,106,1610612742,1610612743
76,0022100077,2021-10-29,101,113,1610612739,1610612747
77,0022100084,2021-10-30,129,103,1610612748,1610612763
78,0022100078,2021-10-30,112,115,1610612738,1610612764
79,0022100080,2021-10-30,117,123,1610612740,1610612752
80,0022100079,2021-10-30,110,103,1610612765,1610612753
81,0022100081,2021-10-30,94,97,1610612754,1610612761
82,0022100083,2021-10-30,99,107,1610612762,1610612741
83,0022100082,2021-10-30,122,94,1610612755,1610612737
84,0022100085,2021-10-30,93,102,1610612749,1610612759
85,0022100086,2021-10-30,82,103,1610612760,1610612744
86,0022100087,2021-10-30,93,91,1610612743,1610612750
87,0022100088,2021-10-30,101,92,1610612756,1610612739
88,0022100092,2021-10-31,117,91,1610612751,1610612765
89,0022100093,2021-10-31,95,85,1610612747,1610612745
90,0022100089,2021-10-31,105,99,1610612742,1610612758
91,0022100091,2021-10-31,95,107,1610612749,1610612762
92,0022100090,2021-10-31,125,113,1610612766,1610612757
93,0022100095,2021-11-01,131,118,1610612754,1610612759
94,0022100096,2021-11-01,103,113,1610612757,1610612755
95,0022100094,2021-11-01,113,110,1610612739,1610612766
96,0022100098,2021-11-01,128,114,1610612741,1610612738
97,0022100097,2021-11-01,111,118,1610612764,1610612737
98,0022100100,2021-11-01,97,106,1610612743,1610612763
99,0022100101,2021-11-01,115,97,1610612753,1610612750
100,0022100102,2021-11-01,99,94,1610612746,1610612760
101,0022100099,2021-11-01,104,113,1610612752,1610612761
102,0022100105,2021-11-02,113,119,1610612758,1610612762
103,0022100106,2021-11-02,112,100,1610612756,1610612740
104,0022100107,2021-11-02,117,119,1610612745,1610612747
105,0022100103,2021-11-02,117,89,1610612749,1610612765
106,0022100104,2021-11-02,110,125,1610612742,1610612748
107,0022100118,2021-11-03,112,99,1610612758,1610612740
108,0022100112,2021-11-03,109,100,1610612761,1610612764
109,0022100110,2021-11-03,79,92,1610612753,1610612738
110,0022100108,2021-11-03,107,104,1610612739,1610612757
111,0022100111,2021-11-03,98,103,1610612741,1610612755
112,0022100113,2021-11-03,117,108,1610612751,1610612737
113,0022100114,2021-11-03,106,108,1610612743,1610612763
114,0022100115,2021-11-03,115,126,1610612750,1610612746
115,0022100116,2021-11-03,108,109,1610612759,1610612742
116,0022100117,2021-11-03,114,92,1610612744,1610612766
117,0022100109,2021-11-03,98,111,1610612752,1610612754
118,0022100119,2021-11-04,98,109,1610612765,1610612755
119,0022100121,2021-11-04,95,78,1610612738,1610612748
120,0022100120,2021-11-04,98,116,1610612737,1610612762
121,0022100122,2021-11-04,123,111,1610612756,1610612745
122,0022100123,2021-11-04,104,107,1610612747,1610612760
123,0022100128,2021-11-05,98,113,1610612749,1610612752
124,0022100125,2021-11-05,89,102,1610612753,1610612759
125,0022100126,2021-11-05,87,115,1610612763,1610612764
126,0022100127,2021-11-05,102,101,1610612739,1610612761
127,0022100130,2021-11-05,85,126,1610612740,1610612744
128,0022100129,2021-11-05,104,84,1610612746,1610612750
129,0022100131,2021-11-05,110,106,1610612757,1610612754
130,0022100132,2021-11-05,140,110,1610612758,1610612766
131,0022100124,2021-11-05,96,90,1610612751,1610612765
132,0022100134,2021-11-06,118,115,1610612748,1610612762
133,0022100135,2021-11-06,114,105,1610612755,1610612741
134,0022100136,2021-11-06,107,104,1610612742,1610612738
135,0022100137,2021-11-06,117,121,1610612737,1610612756
136,0022100138,2021-11-06,90,105,1610612747,1610612757
137,0022100133,2021-11-06,95,94,1610612743,1610612745
138,0022100140,2021-11-07,126,109,1610612739,1610612752
139,0022100141,2021-11-07,100,107,1610612762,1610612753
140,0022100145,2021-11-07,120,107,1610612744,1610612745
141,0022100146,2021-11-07,106,120,1610612766,1610612746
142,0022100142,2021-11-07,94,101,1610612749,1610612764
143,0022100139,2021-11-07,116,103,1610612751,1610612761
144,0022100143,2021-11-07,91,94,1610612758,1610612754
145,0022100144,2021-11-07,94,99,1610612759,1610612760
146,0022100147,2021-11-08,103,96,1610612752,1610612755
147,0022100148,2021-11-08,95,118,1610612751,1610612741
148,0022100150,2021-11-08,108,92,1610612742,1610612740
149,0022100149,2021-11-08,118,125,1610612750,1610612763
150,0022100151,2021-11-08,113,96,1610612743,1610612748
151,0022100153,2021-11-08,109,104,1610612756,1610612758
152,0022100152,2021-11-08,113,127,1610612737,1610612744
153,0022100154,2021-11-08,123,126,1610612766,1610612747
154,0022100155,2021-11-09,118,109,1610612749,1610612755
155,0022100156,2021-11-09,110,98,1610612762,1610612737
156,0022100157,2021-11-09,109,117,1610612757,1610612746
157,0022100159,2021-11-10,123,90,1610612751,1610612753
158,0022100158,2021-11-10,97,94,1610612764,1610612739
159,0022100160,2021-11-10,104,88,1610612738,1610612761
160,0022100161,2021-11-10,112,100,1610612749,1610612752
161,0022100162,2021-11-10,104,112,1610612745,1610612765
162,0022100163,2021-11-10,117,107,1610612741,1610612742
163,0022100165,2021-11-10,108,100,1610612760,1610612740
164,0022100168,2021-11-10,109,119,1610612757,1610612756
165,0022100166,2021-11-10,117,136,1610612758,1610612759
166,0022100164,2021-11-10,118,108,1610612766,1610612763
167,0022100167,2021-11-10,98,101,1610612754,1610612743
168,0022100169,2021-11-10,110,123,1610612750,1610612744
169,0022100170,2021-11-10,117,120,1610612748,1610612747
170,0022100173,2021-11-11,112,109,1610612746,1610612748
171,0022100171,2021-11-11,115,109,1610612761,1610612755
172,0022100172,2021-11-11,111,100,1610612754,1610612762
173,0022100179,2021-11-12,112,120,1610612740,1610612751
174,0022100174,2021-11-12,96,104,1610612752,1610612766
175,0022100176,2021-11-12,78,98,1610612765,1610612739
176,0022100175,2021-11-12,122,113,1610612738,1610612749
177,0022100178,2021-11-12,119,94,1610612756,1610612763
178,0022100180,2021-11-12,103,105,1610612758,1610612760
179,0022100177,2021-11-12,104,92,1610612757,1610612745
180,0022100181,2021-11-12,123,109,1610612742,1610612759
181,0022100182,2021-11-12,96,105,1610612737,1610612743
182,0022100183,2021-11-12,119,93,1610612744,1610612741
183,0022100184,2021-11-12,83,107,1610612747,1610612750
184,0022100191,2021-11-13,129,102,1610612746,1610612750
185,0022100185,2021-11-13,105,111,1610612762,1610612748
186,0022100187,2021-11-13,104,92,1610612764,1610612753
187,0022100188,2021-11-13,112,101,1610612740,1610612763
188,0022100186,2021-11-13,118,113,1610612754,1610612755
189,0022100189,2021-11-13,121,127,1610612761,1610612765
190,0022100190,2021-11-13,89,91,1610612738,1610612739
191,0022100198,2021-11-14,100,90,1610612741,1610612746
192,0022100192,2021-11-14,114,106,1610612747,1610612759
193,0022100193,2021-11-14,100,120,1610612749,1610612737
194,0022100196,2021-11-14,96,120,1610612760,1610612751
195,0022100195,2021-11-14,89,115,1610612745,1610612756
196,0022100194,2021-11-14,106,102,1610612766,1610612744
197,0022100197,2021-11-14,124,95,1610612743,1610612757
198,0022100199,2021-11-15,92,98,1610612739,1610612738
199,0022100202,2021-11-15,111,129,1610612753,1610612737
200,0022100200,2021-11-15,129,107,1610612758,1610612765
201,0022100201,2021-11-15,105,100,1610612764,1610612740
202,0022100203,2021-11-15,84,92,1610612754,1610612752
203,0022100205,2021-11-15,102,136,1610612745,1610612763
204,0022100207,2021-11-15,90,103,1610612760,1610612748
205,0022100206,2021-11-15,99,96,1610612756,1610612750
206,0022100208,2021-11-15,118,113,1610612757,1610612761
207,0022100209,2021-11-15,121,103,1610612741,1610612747
208,0022100204,2021-11-15,111,101,1610612742,1610612743
209,0022100210,2021-11-16,117,99,1610612744,1610612751
210,0022100211,2021-11-16,120,85,1610612762,1610612755
211,0022100212,2021-11-16,106,92,1610612746,1610612759
212,0022100218,2021-11-17,104,98,1610612753,1610612752
213,0022100213,2021-11-17,97,87,1610612766,1610612764
214,0022100214,2021-11-17,89,97,1610612754,1610612765
215,0022100215,2021-11-17,99,110,1610612738,1610612737
216,0022100216,2021-11-17,109,99,1610612751,1610612739
217,0022100217,2021-11-17,98,113,1610612740,1610612748
218,0022100219,2021-11-17,109,102,1610612749,1610612747
219,0022100221,2021-11-17,101,89,1610612760,1610612745
220,0022100220,2021-11-17,97,107,1610612758,1610612750
221,0022100222,2021-11-17,105,98,1610612756,1610612742
222,0022100223,2021-11-17,107,112,1610612741,1610612757
223,0022100228,2021-11-18,89,103,1610612743,1610612755
224,0022100229,2021-11-18,103,119,1610612761,1610612762
225,0022100224,2021-11-18,104,89,1610612744,1610612739
226,0022100225,2021-11-18,112,97,1610612748,1610612764
227,0022100226,2021-11-18,120,108,1610612763,1610612746
228,0022100227,2021-11-18,115,90,1610612750,1610612759
229,0022100234,2021-11-19,89,96,1610612760,1610612749
230,0022100238,2021-11-19,89,108,1610612758,1610612761
231,0022100230,2021-11-19,121,118,1610612766,1610612754
232,0022100231,2021-11-19,105,102,1610612744,1610612765
233,0022100235,2021-11-19,81,94,1610612746,1610612740
234,0022100232,2021-11-19,108,130,1610612747,1610612738
235,0022100233,2021-11-19,115,113,1610612751,1610612753
236,0022100236,2021-11-19,108,114,1610612743,1610612741
237,0022100237,2021-11-19,104,112,1610612742,1610612756
238,0022100239,2021-11-20,99,106,1610612745,1610612752
239,0022100240,2021-11-20,111,94,1610612754,1610612740
240,0022100243,2021-11-20,111,105,1610612738,1610612760
241,0022100241,2021-11-20,100,103,1610612748,1610612764
242,0022100242,2021-11-20,105,115,1610612766,1610612737
243,0022100244,2021-11-20,117,108,1610612749,1610612753
244,0022100245,2021-11-20,138,95,1610612750,1610612763
245,0022100246,2021-11-20,118,111,1610612757,1610612755
246,0022100247,2021-11-20,123,105,1610612762,1610612758
247,0022100250,2021-11-21,103,109,1610612752,1610612741
248,0022100252,2021-11-21,104,119,1610612761,1610612744
249,0022100251,2021-11-21,97,126,1610612743,1610612756
250,0022100249,2021-11-21,116,121,1610612765,1610612747
251,0022100248,2021-11-21,97,91,1610612746,1610612742
252,0022100253,2021-11-22,112,117,1610612739,1610612751
253,0022100255,2021-11-22,101,113,1610612760,1610612737
254,0022100257,2021-11-22,109,77,1610612754,1610612741
255,0022100258,2021-11-22,92,123,1610612753,1610612749
256,0022100260,2021-11-22,111,115,1610612759,1610612756
257,0022100259,2021-11-22,110,96,1610612750,1610612740
258,0022100261,2021-11-22,118,119,1610612762,1610612763
259,0022100256,2021-11-22,108,90,1610612738,1610612745
260,0022100262,2021-11-22,102,94,1610612755,1610612758
261,0022100254,2021-11-22,103,109,1610612764,1610612766
262,0022100263,2021-11-23,92,100,1610612765,1610612748
263,0022100264,2021-11-23,106,100,1610612752,1610612747
264,0022100265,2021-11-23,100,119,1610612743,1610612757
265,0022100266,2021-11-23,104,112,1610612746,1610612742
266,0022100267,2021-11-24,115,120,1610612739,1610612756
267,0022100268,2021-11-24,116,124,1610612754,1610612747
268,0022100269,2021-11-24,99,106,1610612753,1610612766
269,0022100270,2021-11-24,123,104,1610612751,1610612738
270,0022100273,2021-11-24,114,93,1610612749,1610612765
271,0022100276,2021-11-24,104,110,1610612760,1610612762
272,0022100272,2021-11-24,113,126,1610612763,1610612761
273,0022100271,2021-11-24,118,113,1610612745,1610612741
274,0022100274,2021-11-24,113,101,1610612750,1610612748
275,0022100275,2021-11-24,102,127,1610612764,1610612740
276,0022100277,2021-11-24,124,106,1610612737,1610612759
277,0022100279,2021-11-24,121,125,1610612757,1610612758
278,0022100278,2021-11-24,116,96,1610612744,1610612755
279,0022100282,2021-11-26,97,118,1610612752,1610612756
280,0022100280,2021-11-26,96,107,1610612765,1610612746
281,0022100281,2021-11-26,115,133,1610612750,1610612766
282,0022100283,2021-11-26,88,123,1610612753,1610612741
283,0022100285,2021-11-26,100,132,1610612763,1610612737
284,0022100284,2021-11-26,114,97,1610612754,1610612761
285,0022100286,2021-11-26,101,99,1610612764,1610612760
286,0022100287,2021-11-26,88,96,1610612738,1610612759
287,0022100288,2021-11-26,120,109,1610612749,1610612743
288,0022100289,2021-11-26,98,97,1610612740,1610612762
289,0022100290,2021-11-26,118,103,1610612744,1610612757
290,0022100291,2021-11-26,137,141,1610612747,1610612758
291,0022100296,2021-11-27,104,107,1610612741,1610612748
292,0022100297,2021-11-27,143,146,1610612766,1610612745
293,0022100298,2021-11-27,114,120,1610612742,1610612764
294,0022100299,2021-11-27,105,127,1610612740,1610612762
295,0022100292,2021-11-27,120,121,1610612755,1610612750
296,0022100293,2021-11-27,99,90,1610612752,1610612737
297,0022100294,2021-11-27,107,113,1610612751,1610612756
298,0022100295,2021-11-27,105,92,1610612739,1610612753
299,0022100301,2021-11-28,118,100,1610612749,1610612754
300,0022100302,2021-11-28,97,109,1610612761,1610612738
301,0022100303,2021-11-28,101,128,1610612758,1610612763
302,0022100304,2021-11-28,106,110,1610612765,1610612747
303,0022100300,2021-11-28,90,105,1610612746,1610612744
304,0022100305,2021-11-29,96,101,1610612753,1610612755
305,0022100308,2021-11-29,89,102,1610612760,1610612745
306,0022100309,2021-11-29,98,100,1610612754,1610612750
307,0022100306,2021-11-29,111,120,1610612748,1610612743
308,0022100310,2021-11-29,114,96,1610612739,1610612742
309,0022100311,2021-11-29,116,99,1610612759,1610612764
310,0022100307,2021-11-29,133,119,1610612741,1610612766
311,0022100312,2021-11-29,107,129,1610612757,1610612762
312,0022100313,2021-11-29,104,123,1610612746,1610612740
313,0022100315,2021-11-30,98,91,1610612763,1610612761
314,0022100314,2021-11-30,110,112,1610612752,1610612751
315,0022100316,2021-11-30,104,96,1610612756,1610612744
316,0022100317,2021-11-30,92,110,1610612765,1610612757
317,0022100318,2021-11-30,117,92,1610612747,1610612758
318,0022100319,2021-12-01,114,111,1610612737,1610612754
319,0022100320,2021-12-01,103,108,1610612743,1610612753
320,0022100321,2021-12-01,115,107,1610612764,1610612750
321,0022100323,2021-12-01,85,111,1610612748,1610612739
322,0022100322,2021-12-01,87,88,1610612755,1610612738
323,0022100325,2021-12-01,107,139,1610612740,1610612742
324,0022100326,2021-12-01,114,110,1610612745,1610612760
325,0022100324,2021-12-01,127,125,1610612749,1610612766
326,0022100327,2021-12-01,124,115,1610612758,1610612746
327,0022100328,2021-12-02,119,115,1610612741,1610612752
328,0022100329,2021-12-02,97,93,1610612761,1610612749
329,0022100330,2021-12-02,152,79,1610612763,1610612760
330,0022100331,2021-12-02,103,114,1610612765,1610612756
331,0022100332,2021-12-02,83,114,1610612757,1610612759
332,0022100335,2021-12-03,96,98,1610612737,1610612755
333,0022100338,2021-12-03,91,107,1610612742,1610612740
334,0022100341,2021-12-03,119,115,1610612746,1610612747
335,0022100334,2021-12-03,101,116,1610612764,1610612739
336,0022100333,2021-12-03,113,104,1610612748,1610612754
337,0022100340,2021-12-03,96,118,1610612756,1610612744
338,0022100336,2021-12-03,105,110,1610612750,1610612751
339,0022100337,2021-12-03,118,116,1610612745,1610612753
340,0022100339,2021-12-03,130,137,1610612738,1610612762
341,0022100342,2021-12-04,99,113,1610612752,1610612743
342,0022100347,2021-12-04,145,117,1610612738,1610612757
343,0022100343,2021-12-04,107,111,1610612751,1610612741
344,0022100344,2021-12-04,124,102,1610612749,1610612748
345,0022100346,2021-12-04,107,112,1610612744,1610612759
346,0022100345,2021-12-04,97,90,1610612763,1610612742
347,0022100348,2021-12-04,104,99,1610612758,1610612746
348,0022100349,2021-12-05,108,109,1610612739,1610612762
349,0022100351,2021-12-05,102,90,1610612761,1610612764
350,0022100350,2021-12-05,127,130,1610612737,1610612766
351,0022100352,2021-12-05,118,108,1610612745,1610612740
352,0022100358,2021-12-06,104,112,1610612739,1610612749
353,0022100360,2021-12-06,108,104,1610612756,1610612759
354,0022100362,2021-12-06,90,102,1610612757,1610612746
355,0022100361,2021-12-06,95,126,1610612753,1610612744
356,0022100355,2021-12-06,116,110,1610612754,1610612764
357,0022100354,2021-12-06,114,103,1610612760,1610612765
358,0022100353,2021-12-06,124,127,1610612766,1610612755
359,0022100356,2021-12-06,90,105,1610612748,1610612763
360,0022100359,2021-12-06,121,110,1610612737,1610612750
361,0022100357,2021-12-06,109,97,1610612741,1610612743
362,0022100363,2021-12-07,102,99,1610612751,1610612742
363,0022100364,2021-12-07,121,109,1610612752,1610612759
364,0022100365,2021-12-07,102,117,1610612738,1610612747
365,0022100376,2021-12-08,104,94,1610612744,1610612757
366,0022100369,2021-12-08,122,102,1610612754,1610612752
367,0022100367,2021-12-08,115,92,1610612739,1610612741
368,0022100366,2021-12-08,110,106,1610612755,1610612766
369,0022100368,2021-12-08,119,116,1610612764,1610612765
370,0022100371,2021-12-08,110,109,1610612760,1610612761
371,0022100370,2021-12-08,113,104,1610612748,1610612749
372,0022100374,2021-12-08,104,136,1610612750,1610612762
373,0022100372,2021-12-08,114,104,1610612745,1610612751
374,0022100373,2021-12-08,96,104,1610612763,1610612742
375,0022100375,2021-12-08,114,120,1610612740,1610612743
376,0022100377,2021-12-08,130,142,1610612753,1610612758
377,0022100378,2021-12-08,114,111,1610612746,1610612738
378,0022100379,2021-12-09,118,96,1610612762,1610612755
379,0022100380,2021-12-09,108,95,1610612763,1610612747
380,0022100381,2021-12-09,123,111,1610612759,1610612743
381,0022100382,2021-12-10,124,123,1610612766,1610612758
382,0022100385,2021-12-10,87,90,1610612752,1610612761
383,0022100384,2021-12-10,113,105,1610612751,1610612737
384,0022100389,2021-12-10,95,116,1610612760,1610612747
385,0022100387,2021-12-10,123,106,1610612739,1610612750
386,0022100386,2021-12-10,114,123,1610612745,1610612749
387,0022100390,2021-12-10,90,111,1610612738,1610612756
388,0022100388,2021-12-10,109,93,1610612740,1610612765
389,0022100383,2021-12-10,93,106,1610612742,1610612754
390,0022100392,2021-12-11,123,98,1610612762,1610612764
391,0022100394,2021-12-11,118,92,1610612748,1610612741
392,0022100393,2021-12-11,117,103,1610612739,1610612758
393,0022100395,2021-12-11,106,113,1610612745,1610612763
394,0022100391,2021-12-11,104,106,1610612753,1610612746
395,0022100397,2021-12-11,127,112,1610612743,1610612759
396,0022100396,2021-12-11,93,102,1610612744,1610612755
397,0022100398,2021-12-12,112,97,1610612749,1610612752
398,0022100399,2021-12-12,116,104,1610612751,1610612765
399,0022100400,2021-12-12,103,84,1610612742,1610612760
400,0022100401,2021-12-12,112,97,1610612759,1610612740
401,0022100402,2021-12-12,116,111,1610612750,1610612757
402,0022100403,2021-12-12,106,94,1610612747,1610612753
403,0022100410,2021-12-13,120,96,1610612742,1610612766
404,0022100411,2021-12-13,113,107,1610612743,1610612764
405,0022100412,2021-12-13,95,111,1610612756,1610612746
406,0022100406,2021-12-13,124,101,1610612761,1610612758
407,0022100404,2021-12-13,105,94,1610612739,1610612748
408,0022100405,2021-12-13,102,100,1610612744,1610612754
409,0022100408,2021-12-13,117,103,1610612738,1610612749
410,0022100409,2021-12-13,126,91,1610612763,1610612755
411,0022100407,2021-12-13,132,126,1610612745,1610612737
412,0022100414,2021-12-14,105,96,1610612744,1610612752
413,0022100413,2021-12-14,129,131,1610612761,1610612751
414,0022100416,2021-12-14,111,107,1610612756,1610612757
415,0022100417,2021-12-15,124,89,1610612739,1610612745
416,0022100418,2021-12-15,99,111,1610612753,1610612737
417,0022100419,2021-12-15,101,96,1610612748,1610612755
418,0022100421,2021-12-15,99,114,1610612754,1610612749
419,0022100420,2021-12-15,107,104,1610612747,1610612742
420,0022100422,2021-12-15,110,113,1610612760,1610612740
421,0022100423,2021-12-15,131,115,1610612766,1610612759
422,0022100424,2021-12-15,124,107,1610612750,1610612743
423,0022100427,2021-12-15,119,105,1610612758,1610612764
424,0022100425,2021-12-15,103,124,1610612746,1610612762
425,0022100426,2021-12-15,103,113,1610612757,1610612763
426,0022100428,2021-12-16,122,113,1610612754,1610612765
427,0022100429,2021-12-16,105,114,1610612755,1610612751
428,0022100431,2021-12-16,116,103,1610612752,1610612745
429,0022100432,2021-12-16,118,98,1610612756,1610612764
430,0022100433,2021-12-17,115,105,1610612748,1610612753
431,0022100434,2021-12-17,115,133,1610612737,1610612743
432,0022100437,2021-12-17,126,128,1610612762,1610612759
433,0022100439,2021-12-17,116,125,1610612766,1610612757
434,0022100440,2021-12-17,105,124,1610612758,1610612763
435,0022100435,2021-12-17,111,107,1610612744,1610612738
436,0022100438,2021-12-17,112,116,1610612749,1610612740
437,0022100436,2021-12-17,110,92,1610612750,1610612747
438,0022100445,2021-12-18,107,114,1610612752,1610612738
439,0022100443,2021-12-18,100,119,1610612744,1610612761
440,0022100444,2021-12-18,104,103,1610612760,1610612746
441,0022100446,2021-12-18,119,90,1610612739,1610612749
442,0022100447,2021-12-18,109,103,1610612764,1610612762
443,0022100442,2021-12-18,100,93,1610612753,1610612751
444,0022100441,2021-12-18,116,107,1610612745,1610612765
445,0022100451,2021-12-19,114,121,1610612759,1610612758
446,0022100450,2021-12-19,100,105,1610612763,1610612757
447,0022100449,2021-12-19,100,90,1610612765,1610612748
448,0022100456,2021-12-19,137,106,1610612756,1610612766
449,0022100448,2021-12-19,115,110,1610612741,1610612747
450,0022100455,2021-12-19,111,105,1610612750,1610612742
451,0022100457,2021-12-20,108,103,1610612755,1610612738
452,0022100459,2021-12-20,118,133,1610612745,1610612741
453,0022100460,2021-12-20,99,102,1610612763,1610612760
454,0022100463,2021-12-20,92,116,1610612746,1610612759
455,0022100461,2021-12-20,102,112,1610612766,1610612762
456,0022100462,2021-12-20,113,98,1610612744,1610612758
457,0022100465,2021-12-21,96,125,1610612754,1610612748
458,0022100466,2021-12-21,91,105,1610612765,1610612752
459,0022100467,2021-12-21,97,111,1610612757,1610612740
460,0022100468,2021-12-21,102,114,1610612750,1610612742
461,0022100469,2021-12-21,108,90,1610612756,1610612747
462,0022100470,2021-12-22,98,104,1610612737,1610612753
463,0022100471,2021-12-22,101,111,1610612739,1610612738
464,0022100474,2021-12-22,108,94,1610612760,1610612743
465,0022100473,2021-12-22,126,106,1610612749,1610612745
466,0022100475,2021-12-22,105,89,1610612746,1610612758
467,0022100476,2021-12-23,106,118,1610612745,1610612754
468,0022100477,2021-12-23,110,104,1610612740,1610612753
469,0022100478,2021-12-23,98,96,1610612737,1610612755
470,0022100480,2021-12-23,124,117,1610612764,1610612752
471,0022100479,2021-12-23,112,115,1610612765,1610612748
472,0022100481,2021-12-23,102,95,1610612749,1610612742
473,0022100483,2021-12-23,101,113,1610612760,1610612756
474,0022100484,2021-12-23,128,116,1610612762,1610612750
475,0022100482,2021-12-23,115,107,1610612766,1610612743
476,0022100485,2021-12-23,104,113,1610612763,1610612744
477,0022100487,2021-12-23,138,110,1610612759,1610612747
478,0022100491,2021-12-25,115,122,1610612747,1610612751
479,0022100492,2021-12-25,120,116,1610612762,1610612742
480,0022100488,2021-12-25,87,101,1610612737,1610612752
481,0022100489,2021-12-25,113,117,1610612738,1610612749
482,0022100490,2021-12-25,116,107,1610612744,1610612756
483,0022100495,2021-12-26,117,96,1610612755,1610612764
484,0022100497,2021-12-26,112,117,1610612740,1610612760
485,0022100498,2021-12-26,109,144,1610612765,1610612759
486,0022100499,2021-12-26,105,113,1610612754,1610612741
487,0022100500,2021-12-26,103,100,1610612743,1610612746
488,0022100494,2021-12-26,144,99,1610612739,1610612761
489,0022100493,2021-12-26,83,93,1610612753,1610612748
490,0022100496,2021-12-26,102,127,1610612758,1610612763
491,0022100503,2021-12-27,103,108,1610612738,1610612750
492,0022100505,2021-12-27,114,113,1610612763,1610612756
493,0022100506,2021-12-27,117,132,1610612757,1610612742
494,0022100507,2021-12-27,108,124,1610612746,1610612751
495,0022100504,2021-12-27,104,110,1610612759,1610612762
496,0022100501,2021-12-27,123,99,1610612766,1610612745
497,0022100502,2021-12-27,130,118,1610612741,1610612737
498,0022100508,2021-12-28,110,127,1610612753,1610612749
499,0022100509,2021-12-28,112,119,1610612764,1610612748
500,0022100513,2021-12-28,108,104,1610612740,1610612739
501,0022100511,2021-12-28,132,123,1610612747,1610612745
502,0022100512,2021-12-28,96,88,1610612752,1610612750
503,0022100515,2021-12-28,117,111,1610612758,1610612760
504,0022100514,2021-12-28,86,89,1610612744,1610612743
505,0022100510,2021-12-28,114,109,1610612755,1610612761
506,0022100516,2021-12-29,94,85,1610612752,1610612765
507,0022100517,2021-12-29,116,108,1610612766,1610612754
508,0022100518,2021-12-29,91,82,1610612746,1610612738
509,0022100519,2021-12-29,117,131,1610612737,1610612741
510,0022100520,2021-12-29,99,104,1610612747,1610612763
511,0022100522,2021-12-29,115,97,1610612756,1610612760
512,0022100523,2021-12-29,120,105,1610612762,1610612757
513,0022100524,2021-12-29,94,95,1610612742,1610612758
514,0022100527,2021-12-30,110,93,1610612764,1610612739
515,0022100525,2021-12-30,110,102,1610612755,1610612751
516,0022100526,2021-12-30,136,118,1610612749,1610612753
517,0022100532,2021-12-31,110,120,1610612745,1610612748
518,0022100533,2021-12-31,118,121,1610612739,1610612737
519,0022100534,2021-12-31,108,116,1610612746,1610612761
520,0022100536,2021-12-31,80,95,1610612752,1610612760
521,0022100535,2021-12-31,118,105,1610612763,1610612759
522,0022100529,2021-12-31,123,108,1610612738,1610612756
523,0022100537,2021-12-31,108,120,1610612750,1610612762
524,0022100530,2021-12-31,106,108,1610612754,1610612741
525,0022100538,2021-12-31,139,106,1610612747,1610612757
526,0022100531,2021-12-31,112,96,1610612742,1610612758
527,0022100539,2022-01-01,113,136,1610612740,1610612749
528,0022100541,2022-01-01,119,120,1610612764,1610612741
529,0022100540,2022-01-01,116,117,1610612759,1610612765
530,0022100543,2022-01-01,124,111,1610612743,1610612745
531,0022100542,2022-01-01,116,120,1610612751,1610612746
532,0022100544,2022-01-01,116,123,1610612762,1610612744
533,0022100548,2022-01-02,115,113,1610612758,1610612748
534,0022100547,2022-01-02,108,104,1610612739,1610612754
535,0022100550,2022-01-02,86,95,1610612760,1610612742
536,0022100551,2022-01-02,108,103,1610612747,1610612750
537,0022100546,2022-01-02,116,111,1610612738,1610612753
538,0022100545,2022-01-02,120,105,1610612761,1610612752
539,0022100549,2022-01-02,99,133,1610612766,1610612756
540,0022100552,2022-01-03,133,113,1610612755,1610612745
541,0022100553,2022-01-03,121,124,1610612766,1610612764
542,0022100554,2022-01-03,104,118,1610612751,1610612763
543,0022100556,2022-01-03,115,106,1610612765,1610612749
544,0022100555,2022-01-03,102,98,1610612741,1610612753
545,0022100557,2022-01-03,115,104,1610612762,1610612740
546,0022100558,2022-01-03,103,89,1610612742,1610612743
547,0022100560,2022-01-03,136,131,1610612757,1610612737
548,0022100559,2022-01-03,108,115,1610612748,1610612744
549,0022100561,2022-01-03,104,122,1610612746,1610612750
550,0022100563,2022-01-04,104,129,1610612759,1610612761
551,0022100562,2022-01-04,106,110,1610612739,1610612763
552,0022100564,2022-01-04,94,104,1610612754,1610612752
553,0022100565,2022-01-04,123,110,1610612756,1610612740
554,0022100566,2022-01-04,114,122,1610612758,1610612747
555,0022100571,2022-01-05,121,129,1610612754,1610612751
556,0022100567,2022-01-05,111,140,1610612765,1610612766
557,0022100568,2022-01-05,106,116,1610612753,1610612755
558,0022100569,2022-01-05,114,111,1610612745,1610612764
559,0022100570,2022-01-05,99,97,1610612759,1610612738
560,0022100572,2022-01-05,99,82,1610612742,1610612744
561,0022100574,2022-01-05,90,98,1610612760,1610612750
562,0022100573,2022-01-05,117,111,1610612761,1610612749
563,0022100575,2022-01-05,115,109,1610612762,1610612743
564,0022100577,2022-01-05,108,102,1610612737,1610612758
565,0022100576,2022-01-05,109,115,1610612757,1610612748
566,0022100580,2022-01-06,101,96,1610612740,1610612744
567,0022100578,2022-01-06,105,108,1610612738,1610612752
568,0022100579,2022-01-06,88,118,1610612765,1610612763
569,0022100581,2022-01-06,106,89,1610612756,1610612746
570,0022100584,2022-01-07,108,122,1610612762,1610612761
571,0022100583,2022-01-07,109,121,1610612751,1610612749
572,0022100585,2022-01-07,130,122,1610612741,1610612764
573,0022100587,2022-01-07,135,105,1610612750,1610612760
574,0022100586,2022-01-07,130,106,1610612742,1610612745
575,0022100588,2022-01-07,121,111,1610612743,1610612758
576,0022100582,2022-01-07,100,119,1610612759,1610612755
577,0022100589,2022-01-07,118,134,1610612737,1610612747
578,0022100590,2022-01-07,101,114,1610612757,1610612739
579,0022100591,2022-01-08,108,123,1610612746,1610612763
580,0022100594,2022-01-08,125,113,1610612754,1610612762
581,0022100593,2022-01-08,92,97,1610612753,1610612765
582,0022100592,2022-01-08,106,114,1610612749,1610612766
583,0022100595,2022-01-08,75,99,1610612752,1610612738
584,0022100596,2022-01-08,123,100,1610612748,1610612756
585,0022100601,2022-01-09,99,95,1610612743,1610612760
586,0022100600,2022-01-09,123,141,1610612745,1610612750
587,0022100603,2022-01-09,99,113,1610612741,1610612742
588,0022100602,2022-01-09,121,119,1610612751,1610612759
589,0022100604,2022-01-09,82,96,1610612739,1610612744
590,0022100605,2022-01-09,103,88,1610612757,1610612758
591,0022100606,2022-01-09,127,119,1610612763,1610612747
592,0022100597,2022-01-09,93,106,1610612737,1610612746
593,0022100599,2022-01-09,105,101,1610612761,1610612740
594,0022100598,2022-01-09,100,102,1610612753,1610612764
595,0022100608,2022-01-10,116,126,1610612762,1610612765
596,0022100607,2022-01-10,99,103,1610612749,1610612766
597,0022100610,2022-01-10,111,96,1610612752,1610612759
598,0022100609,2022-01-10,101,98,1610612738,1610612754
599,0022100711,2022-01-10,111,91,1610612755,1610612745
600,0022100611,2022-01-10,108,109,1610612758,1610612739
601,0022100486,2022-01-10,108,114,1610612751,1610612757
602,0022100612,2022-01-11,118,122,1610612760,1610612764
603,0022100613,2022-01-11,95,99,1610612761,1610612756
604,0022100614,2022-01-11,108,116,1610612744,1610612763
605,0022100415,2022-01-11,87,133,1610612765,1610612741
606,0022100615,2022-01-11,125,128,1610612750,1610612740
607,0022100616,2022-01-11,85,87,1610612743,1610612746
608,0022100622,2022-01-12,85,108,1610612742,1610612752
609,0022100620,2022-01-12,106,112,1610612753,1610612764
610,0022100618,2022-01-12,119,100,1610612738,1610612754
611,0022100619,2022-01-12,109,98,1610612766,1610612755
612,0022100621,2022-01-12,115,91,1610612748,1610612737
613,0022100623,2022-01-12,128,124,1610612745,1610612759
614,0022100624,2022-01-12,91,111,1610612762,1610612739
615,0022100626,2022-01-12,125,116,1610612758,1610612747
616,0022100625,2022-01-12,112,138,1610612741,1610612751
617,0022100631,2022-01-13,108,140,1610612757,1610612743
618,0022100627,2022-01-13,99,118,1610612744,1610612749
619,0022100629,2022-01-13,113,89,1610612740,1610612746
620,0022100628,2022-01-13,108,116,1610612750,1610612763
621,0022100630,2022-01-13,130,109,1610612760,1610612751
622,0022100634,2022-01-14,94,112,1610612754,1610612756
623,0022100635,2022-01-14,99,111,1610612738,1610612755
624,0022100633,2022-01-14,103,87,1610612765,1610612761
625,0022100632,2022-01-14,116,109,1610612753,1610612766
626,0022100637,2022-01-14,96,138,1610612741,1610612744
627,0022100636,2022-01-14,124,118,1610612748,1610612737
628,0022100638,2022-01-14,114,109,1610612739,1610612759
629,0022100639,2022-01-14,112,85,1610612742,1610612763
630,0022100640,2022-01-14,114,126,1610612745,1610612758
631,0022100641,2022-01-15,103,96,1610612761,1610612749
632,0022100642,2022-01-15,110,115,1610612764,1610612757
633,0022100644,2022-01-15,105,120,1610612740,1610612751
634,0022100643,2022-01-15,108,117,1610612737,1610612752
635,0022100646,2022-01-15,102,107,1610612760,1610612739
636,0022100645,2022-01-15,98,109,1610612748,1610612755
637,0022100648,2022-01-15,94,101,1610612746,1610612759
638,0022100647,2022-01-15,114,112,1610612738,1610612741
639,0022100649,2022-01-15,133,96,1610612743,1610612747
640,0022100650,2022-01-15,108,92,1610612742,1610612753
641,0022100617,2022-01-16,135,108,1610612756,1610612765
642,0022100653,2022-01-16,102,125,1610612743,1610612762
643,0022100652,2022-01-16,119,99,1610612750,1610612744
644,0022100651,2022-01-16,112,118,1610612758,1610612745
645,0022100656,2022-01-17,117,98,1610612764,1610612755
646,0022100657,2022-01-17,107,114,1610612751,1610612739
647,0022100665,2022-01-17,95,101,1610612762,1610612747
648,0022100659,2022-01-17,139,133,1610612746,1610612754
649,0022100658,2022-01-17,106,119,1610612741,1610612763
650,0022100654,2022-01-17,104,92,1610612738,1610612740
651,0022100655,2022-01-17,87,97,1610612752,1610612766
652,0022100660,2022-01-17,114,121,1610612749,1610612737
653,0022100661,2022-01-17,98,88,1610612757,1610612753
654,0022100662,2022-01-17,104,99,1610612748,1610612761
655,0022100664,2022-01-17,121,107,1610612756,1610612759
656,0022100663,2022-01-17,102,104,1610612760,1610612742
657,0022100666,2022-01-18,112,110,1610612750,1610612752
658,0022100667,2022-01-18,102,86,1610612744,1610612765
659,0022100674,2022-01-19,114,126,1610612763,1610612749
660,0022100668,2022-01-19,110,123,1610612753,1610612755
661,0022100669,2022-01-19,119,118,1610612751,1610612764
662,0022100672,2022-01-19,92,104,1610612757,1610612748
663,0022100671,2022-01-19,111,102,1610612766,1610612738
664,0022100670,2022-01-19,134,122,1610612737,1610612750
665,0022100673,2022-01-19,104,117,1610612739,1610612741
666,0022100676,2022-01-19,96,118,1610612760,1610612759
667,0022100675,2022-01-19,102,98,1610612742,1610612761
668,0022100677,2022-01-19,116,111,1610612745,1610612762
669,0022100679,2022-01-19,133,131,1610612765,1610612758
670,0022100678,2022-01-19,128,130,1610612746,1610612743
671,0022100680,2022-01-19,111,104,1610612754,1610612747
672,0022100681,2022-01-20,102,91,1610612740,1610612752
673,0022100682,2022-01-20,101,109,1610612742,1610612756
674,0022100683,2022-01-20,121,117,1610612754,1610612744
675,0022100687,2022-01-21,110,108,1610612737,1610612748
676,0022100688,2022-01-21,105,109,1610612738,1610612757
677,0022100689,2022-01-21,109,105,1610612761,1610612764
678,0022100690,2022-01-21,90,94,1610612741,1610612749
679,0022100694,2022-01-21,103,105,1610612745,1610612744
680,0022100684,2022-01-21,121,98,1610612766,1610612760
681,0022100686,2022-01-21,101,102,1610612755,1610612746
682,0022100685,2022-01-21,116,105,1610612747,1610612753
683,0022100691,2022-01-21,102,117,1610612759,1610612751
684,0022100692,2022-01-21,118,122,1610612743,1610612763
685,0022100693,2022-01-21,111,101,1610612762,1610612765
686,0022100696,2022-01-22,133,127,1610612749,1610612758
687,0022100695,2022-01-22,94,87,1610612739,1610612760
688,0022100697,2022-01-22,103,113,1610612754,1610612756
689,0022100698,2022-01-23,102,110,1610612746,1610612752
690,0022100699,2022-01-23,116,87,1610612738,1610612764
691,0022100702,2022-01-23,114,105,1610612757,1610612761
692,0022100701,2022-01-23,114,95,1610612753,1610612741
693,0022100700,2022-01-23,107,113,1610612747,1610612748
694,0022100704,2022-01-23,115,109,1610612755,1610612759
695,0022100703,2022-01-23,91,113,1610612766,1610612737
696,0022100705,2022-01-23,91,104,1610612763,1610612742
697,0022100706,2022-01-23,136,125,1610612750,1610612751
698,0022100707,2022-01-23,111,117,1610612765,1610612743
699,0022100708,2022-01-23,92,94,1610612762,1610612744
700,0022100730,2022-01-24,110,111,1610612760,1610612741
701,0022100713,2022-01-24,109,115,1610612762,1610612756
702,0022100712,2022-01-24,117,113,1610612740,1610612754
703,0022100709,2022-01-24,95,93,1610612739,1610612752
704,0022100720,2022-01-25,92,130,1610612742,1610612744
705,0022100454,2022-01-25,107,117,1610612740,1610612755
706,0022100714,2022-01-25,105,110,1610612765,1610612743
707,0022100715,2022-01-25,125,113,1610612761,1610612766
708,0022100717,2022-01-25,128,75,1610612738,1610612758
709,0022100716,2022-01-25,116,115,1610612746,1610612764
710,0022100718,2022-01-25,106,96,1610612747,1610612751
711,0022100719,2022-01-25,104,134,1610612745,1610612759
712,0022100721,2022-01-25,109,107,1610612750,1610612757
713,0022100732,2022-01-26,112,132,1610612757,1610612742
714,0022100731,2022-01-26,97,105,1610612762,1610612756
715,0022100722,2022-01-26,115,99,1610612739,1610612749
716,0022100723,2022-01-26,158,126,1610612766,1610612754
717,0022100725,2022-01-26,121,104,1610612737,1610612758
718,0022100727,2022-01-26,110,96,1610612748,1610612752
719,0022100453,2022-01-26,118,124,1610612751,1610612743
720,0022100472,2022-01-26,111,105,1610612741,1610612761
721,0022100728,2022-01-26,118,110,1610612763,1610612759
722,0022100724,2022-01-26,102,111,1610612753,1610612746
723,0022100734,2022-01-27,124,115,1610612744,1610612750
724,0022100733,2022-01-27,87,105,1610612747,1610612755
725,0022100736,2022-01-28,119,103,1610612753,1610612765
726,0022100737,2022-01-28,108,92,1610612737,1610612738
727,0022100735,2022-01-28,114,117,1610612747,1610612766
728,0022100729,2022-01-28,105,116,1610612740,1610612743
729,0022100739,2022-01-28,110,125,1610612745,1610612757
730,0022100740,2022-01-28,109,119,1610612762,1610612763
731,0022100738,2022-01-28,114,121,1610612746,1610612748
732,0022100741,2022-01-28,110,113,1610612760,1610612754
733,0022100742,2022-01-28,131,122,1610612759,1610612741
734,0022100743,2022-01-28,134,124,1610612756,1610612750
735,0022100744,2022-01-28,108,123,1610612752,1610612749
736,0022100750,2022-01-29,106,110,1610612751,1610612744
737,0022100745,2022-01-29,97,107,1610612740,1610612738
738,0022100746,2022-01-29,105,132,1610612754,1610612742
739,0022100747,2022-01-29,101,103,1610612758,1610612755
740,0022100749,2022-01-29,115,95,1610612763,1610612764
741,0022100748,2022-01-29,124,120,1610612761,1610612748
742,0022100754,2022-01-30,115,105,1610612765,1610612739
743,0022100755,2022-01-30,110,108,1610612753,1610612742
744,0022100757,2022-01-30,126,106,1610612750,1610612762
745,0022100758,2022-01-30,110,115,1610612759,1610612756
746,0022100751,2022-01-30,129,121,1610612737,1610612747
747,0022100753,2022-01-30,130,116,1610612741,1610612757
748,0022100756,2022-01-30,136,100,1610612743,1610612749
749,0022100752,2022-01-30,115,90,1610612746,1610612766
750,0022100760,2022-01-31,122,116,1610612754,1610612746
751,0022100759,2022-01-31,93,90,1610612739,1610612740
752,0022100761,2022-01-31,122,119,1610612755,1610612763
753,0022100762,2022-01-31,122,92,1610612738,1610612748
754,0022100767,2022-01-31,100,106,1610612737,1610612761
755,0022100763,2022-01-31,96,116,1610612758,1610612752
756,0022100765,2022-01-31,81,98,1610612757,1610612760
757,0022100764,2022-01-31,122,108,1610612744,1610612745
758,0022100766,2022-02-01,101,111,1610612765,1610612740
759,0022100768,2022-02-01,112,98,1610612749,1610612764
760,0022100784,2022-02-01,106,110,1610612748,1610612761
761,0022100770,2022-02-01,115,130,1610612743,1610612750
762,0022100769,2022-02-01,115,126,1610612753,1610612741
763,0022100771,2022-02-01,120,124,1610612759,1610612744
764,0022100772,2022-02-01,111,121,1610612751,1610612756
765,0022100777,2022-02-02,115,104,1610612745,1610612739
766,0022100778,2022-02-02,120,114,1610612760,1610612742
767,0022100780,2022-02-02,101,112,1610612751,1610612758
768,0022100779,2022-02-02,104,108,1610612743,1610612762
769,0022100781,2022-02-02,99,94,1610612747,1610612757
770,0022100774,2022-02-02,103,106,1610612755,1610612764
771,0022100773,2022-02-02,119,118,1610612753,1610612754
772,0022100775,2022-02-02,107,113,1610612766,1610612738
773,0022100776,2022-02-02,120,108,1610612763,1610612752
774,0022100521,2022-02-03,95,112,1610612759,1610612748
775,0022100782,2022-02-03,128,117,1610612750,1610612765
776,0022100783,2022-02-03,115,124,1610612756,1610612737
777,0022100430,2022-02-03,120,127,1610612741,1610612761
778,0022100785,2022-02-03,114,126,1610612758,1610612744
779,0022100786,2022-02-03,110,111,1610612747,1610612746
780,0022100795,2022-02-04,96,93,1610612760,1610612757
781,0022100788,2022-02-04,93,102,1610612765,1610612738
782,0022100787,2022-02-04,101,102,1610612766,1610612739
783,0022100789,2022-02-04,115,122,1610612754,1610612741
784,0022100790,2022-02-04,114,125,1610612737,1610612761
785,0022100792,2022-02-04,131,106,1610612759,1610612745
786,0022100793,2022-02-04,125,102,1610612762,1610612751
787,0022100794,2022-02-04,105,113,1610612743,1610612740
788,0022100791,2022-02-04,107,98,1610612742,1610612755
789,0022100799,2022-02-05,122,115,1610612747,1610612752
790,0022100796,2022-02-05,135,115,1610612763,1610612753
791,0022100797,2022-02-05,86,104,1610612766,1610612748
792,0022100798,2022-02-05,95,80,1610612756,1610612764
793,0022100801,2022-02-05,103,113,1610612760,1610612758
794,0022100800,2022-02-05,137,108,1610612749,1610612757
795,0022100802,2022-02-06,119,108,1610612755,1610612741
796,0022100807,2022-02-06,94,103,1610612737,1610612742
797,0022100805,2022-02-06,98,85,1610612739,1610612754
798,0022100806,2022-02-06,116,83,1610612738,1610612753
799,0022100808,2022-02-06,120,107,1610612740,1610612745
800,0022100809,2022-02-06,113,137,1610612746,1610612749
801,0022100804,2022-02-06,124,104,1610612743,1610612751
802,0022100803,2022-02-06,105,118,1610612765,1610612750
803,0022100811,2022-02-07,121,100,1610612748,1610612764
804,0022100810,2022-02-07,101,116,1610612766,1610612761
805,0022100813,2022-02-07,98,110,1610612760,1610612744
806,0022100812,2022-02-07,127,124,1610612756,1610612741
807,0022100814,2022-02-07,113,104,1610612762,1610612752
808,0022100823,2022-02-08,95,113,1610612757,1610612753
809,0022100824,2022-02-08,134,114,1610612750,1610612758
810,0022100822,2022-02-08,116,131,1610612747,1610612749
811,0022100815,2022-02-08,109,114,1610612755,1610612756
812,0022100817,2022-02-08,91,126,1610612751,1610612738
813,0022100816,2022-02-08,133,112,1610612737,1610612754
814,0022100818,2022-02-08,135,109,1610612763,1610612746
815,0022100819,2022-02-08,97,110,1610612745,1610612740
816,0022100820,2022-02-08,86,116,1610612765,1610612742
817,0022100821,2022-02-08,115,132,1610612752,1610612743
818,0022100826,2022-02-09,109,121,1610612766,1610612741
819,0022100827,2022-02-09,117,98,1610612761,1610612760
820,0022100829,2022-02-09,107,105,1610612757,1610612747
821,0022100830,2022-02-09,119,132,1610612750,1610612758
822,0022100828,2022-02-09,85,111,1610612744,1610612762
823,0022100825,2022-02-09,105,92,1610612739,1610612759
824,0022100832,2022-02-10,112,113,1610612751,1610612764
825,0022100834,2022-02-10,139,120,1610612761,1610612745
826,0022100835,2022-02-10,112,105,1610612742,1610612746
827,0022100836,2022-02-10,131,107,1610612756,1610612749
828,0022100837,2022-02-10,114,116,1610612744,1610612752
829,0022100833,2022-02-10,97,112,1610612740,1610612748
830,0022100831,2022-02-10,132,107,1610612763,1610612765
831,0022100840,2022-02-11,87,100,1610612760,1610612755
832,0022100838,2022-02-11,141,119,1610612766,1610612765
833,0022100839,2022-02-11,120,113,1610612739,1610612754
834,0022100842,2022-02-11,102,108,1610612743,1610612738
835,0022100841,2022-02-11,121,136,1610612737,1610612759
836,0022100843,2022-02-11,122,134,1610612750,1610612741
837,0022100844,2022-02-11,114,99,1610612762,1610612753
838,0022100845,2022-02-12,103,112,1610612752,1610612757
839,0022100848,2022-02-12,124,114,1610612759,1610612740
840,0022100847,2022-02-12,123,110,1610612758,1610612764
841,0022100846,2022-02-12,118,125,1610612766,1610612763
842,0022100849,2022-02-12,93,103,1610612739,1610612755
843,0022100850,2022-02-12,109,110,1610612761,1610612743
844,0022100851,2022-02-12,115,111,1610612748,1610612751
845,0022100852,2022-02-12,106,101,1610612741,1610612760
846,0022100855,2022-02-12,105,132,1610612753,1610612756
847,0022100854,2022-02-12,117,115,1610612744,1610612747
848,0022100853,2022-02-12,99,97,1610612746,1610612742
849,0022100856,2022-02-13,105,95,1610612738,1610612737
850,0022100857,2022-02-13,129,120,1610612750,1610612754
851,0022100858,2022-02-14,94,103,1610612765,1610612764
852,0022100859,2022-02-14,85,109,1610612758,1610612751
853,0022100860,2022-02-14,127,123,1610612760,1610612752
854,0022100862,2022-02-14,122,107,1610612757,1610612749
855,0022100863,2022-02-14,90,120,1610612761,1610612740
856,0022100861,2022-02-14,109,120,1610612759,1610612741
857,0022100865,2022-02-14,135,101,1610612762,1610612745
858,0022100864,2022-02-14,121,111,1610612743,1610612753
859,0022100866,2022-02-14,119,104,1610612746,1610612744
860,0022100871,2022-02-15,120,126,1610612766,1610612750
861,0022100873,2022-02-15,103,96,1610612756,1610612746
862,0022100869,2022-02-15,87,135,1610612755,1610612738
863,0022100867,2022-02-15,124,116,1610612737,1610612739
864,0022100868,2022-02-15,107,99,1610612742,1610612748
865,0022100872,2022-02-15,109,121,1610612740,1610612763
866,0022100870,2022-02-15,128,119,1610612749,1610612754
867,0022100879,2022-02-16,119,123,1610612763,1610612757
868,0022100884,2022-02-16,106,101,1610612747,1610612762
869,0022100874,2022-02-16,109,130,1610612753,1610612737
870,0022100875,2022-02-16,112,111,1610612765,1610612738
871,0022100876,2022-02-16,108,113,1610612764,1610612754
872,0022100877,2022-02-16,106,111,1610612752,1610612751
873,0022100881,2022-02-16,114,106,1610612759,1610612760
874,0022100880,2022-02-16,91,103,1610612750,1610612761
875,0022100878,2022-02-16,118,125,1610612758,1610612741
876,0022100882,2022-02-16,124,121,1610612756,1610612745
877,0022100883,2022-02-16,116,117,1610612744,1610612743
878,0022100888,2022-02-17,142,111,1610612746,1610612745
879,0022100464,2022-02-17,117,103,1610612764,1610612751
880,0022100885,2022-02-17,111,107,1610612748,1610612766
881,0022100886,2022-02-17,125,118,1610612742,1610612740
882,0022100887,2022-02-17,120,123,1610612749,1610612755
883,0022100890,2022-02-24,106,129,1610612751,1610612738
884,0022100893,2022-02-24,124,104,1610612756,1610612760
885,0022100892,2022-02-24,119,114,1610612750,1610612763
886,0022100891,2022-02-24,112,108,1610612741,1610612737
887,0022100895,2022-02-24,128,110,1610612743,1610612758
888,0022100894,2022-02-24,95,132,1610612757,1610612744
889,0022100889,2022-02-24,106,103,1610612765,1610612739
890,0022100896,2022-02-25,93,125,1610612761,1610612766
891,0022100898,2022-02-25,119,111,1610612753,1610612745
892,0022100899,2022-02-25,157,153,1610612759,1610612764
893,0022100900,2022-02-25,100,115,1610612752,1610612748
894,0022100901,2022-02-25,102,133,1610612750,1610612755
895,0022100903,2022-02-25,114,109,1610612762,1610612742
896,0022100902,2022-02-25,102,117,1610612756,1610612740
897,0022100904,2022-02-25,105,102,1610612746,1610612747
898,0022100897,2022-02-25,129,125,1610612760,1610612754
899,0022100905,2022-02-26,104,113,1610612765,1610612738
900,0022100906,2022-02-26,100,127,1610612761,1610612737
901,0022100907,2022-02-26,86,92,1610612764,1610612739
902,0022100908,2022-02-26,129,133,1610612759,1610612748
903,0022100909,2022-02-26,110,116,1610612741,1610612763
904,0022100910,2022-02-26,126,123,1610612751,1610612749
905,0022100911,2022-02-26,110,115,1610612758,1610612743
906,0022100915,2022-02-27,127,126,1610612765,1610612766
907,0022100917,2022-02-27,101,107,1610612744,1610612742
908,0022100916,2022-02-27,98,99,1610612745,1610612746
909,0022100918,2022-02-27,124,92,1610612743,1610612757
910,0022100919,2022-02-27,95,123,1610612747,1610612740
911,0022100912,2022-02-27,109,125,1610612752,1610612755
912,0022100913,2022-02-27,118,114,1610612762,1610612756
913,0022100914,2022-02-27,128,107,1610612754,1610612738
914,0022100921,2022-02-28,103,119,1610612754,1610612753
915,0022100920,2022-02-28,122,127,1610612739,1610612750
916,0022100726,2022-02-28,97,133,1610612751,1610612761
917,0022100922,2022-02-28,99,112,1610612741,1610612748
918,0022100925,2022-02-28,131,110,1610612758,1610612760
919,0022100923,2022-02-28,118,105,1610612763,1610612759
920,0022100924,2022-02-28,130,106,1610612749,1610612766
921,0022100926,2022-03-01,113,116,1610612765,1610612764
922,0022100928,2022-03-01,108,109,1610612751,1610612761
923,0022100927,2022-03-01,107,98,1610612738,1610612737
924,0022100929,2022-03-01,113,100,1610612746,1610612745
925,0022100930,2022-03-01,114,129,1610612744,1610612750
926,0022100931,2022-03-01,109,104,1610612742,1610612747
927,0022100934,2022-03-02,108,123,1610612752,1610612755
928,0022100937,2022-03-02,95,125,1610612758,1610612740
929,0022100936,2022-03-02,120,119,1610612749,1610612748
930,0022100938,2022-03-02,107,119,1610612743,1610612760
931,0022100939,2022-03-02,90,120,1610612757,1610612756
932,0022100935,2022-03-02,132,127,1610612762,1610612745
933,0022100932,2022-03-02,98,119,1610612739,1610612766
934,0022100933,2022-03-02,114,122,1610612753,1610612754
935,0022100710,2022-03-03,124,130,1610612741,1610612737
936,0022100940,2022-03-03,107,120,1610612763,1610612738
937,0022100941,2022-03-03,113,107,1610612748,1610612751
938,0022100942,2022-03-03,106,108,1610612761,1610612765
939,0022100943,2022-03-03,113,122,1610612744,1610612742
940,0022100945,2022-03-03,132,111,1610612746,1610612747
941,0022100944,2022-03-03,112,115,1610612759,1610612758
942,0022100951,2022-03-04,101,138,1610612760,1610612750
943,0022100947,2022-03-04,119,125,1610612739,1610612755
944,0022100946,2022-03-04,106,111,1610612754,1610612765
945,0022100948,2022-03-04,114,117,1610612764,1610612737
946,0022100458,2022-03-04,97,103,1610612761,1610612753
947,0022100949,2022-03-04,112,118,1610612741,1610612749
948,0022100950,2022-03-04,124,90,1610612740,1610612762
949,0022100952,2022-03-04,116,101,1610612743,1610612745
950,0022100953,2022-03-04,115,114,1610612756,1610612752
951,0022100959,2022-03-05,124,116,1610612747,1610612744
952,0022100954,2022-03-05,114,113,1610612742,1610612758
953,0022100955,2022-03-05,123,117,1610612766,1610612759
954,0022100957,2022-03-05,124,96,1610612763,1610612753
955,0022100956,2022-03-05,99,82,1610612748,1610612755
956,0022100958,2022-03-05,121,135,1610612757,1610612750
957,0022100961,2022-03-06,132,122,1610612749,1610612756
958,0022100963,2022-03-06,133,123,1610612764,1610612754
959,0022100965,2022-03-06,103,116,1610612760,1610612762
960,0022100964,2022-03-06,123,112,1610612745,1610612763
961,0022100962,2022-03-06,104,96,1610612739,1610612761
962,0022100967,2022-03-06,130,138,1610612740,1610612743
963,0022100966,2022-03-06,116,93,1610612752,1610612746
964,0022100960,2022-03-06,120,126,1610612751,1610612738
965,0022100969,2022-03-07,106,121,1610612741,1610612755
966,0022100968,2022-03-07,113,110,1610612765,1610612737
967,0022100970,2022-03-07,106,123,1610612745,1610612748
968,0022100971,2022-03-07,124,81,1610612750,1610612757
969,0022100972,2022-03-07,103,111,1610612762,1610612742
970,0022100973,2022-03-07,110,117,1610612747,1610612759
971,0022100528,2022-03-07,124,131,1610612744,1610612743
972,0022100974,2022-03-07,131,115,1610612752,1610612758
973,0022100977,2022-03-08,102,99,1610612756,1610612753
974,0022100978,2022-03-08,111,132,1610612740,1610612763
975,0022100979,2022-03-08,115,142,1610612760,1610612749
976,0022100980,2022-03-08,97,112,1610612746,1610612744
977,0022100975,2022-03-08,121,132,1610612766,1610612751
978,0022100976,2022-03-08,124,127,1610612754,1610612739
979,0022100982,2022-03-09,114,108,1610612741,1610612765
980,0022100981,2022-03-09,115,101,1610612738,1610612766
981,0022100983,2022-03-09,111,90,1610612756,1610612748
982,0022100984,2022-03-09,115,124,1610612737,1610612749
983,0022100986,2022-03-09,132,102,1610612750,1610612760
984,0022100987,2022-03-09,102,108,1610612740,1610612753
985,0022100985,2022-03-09,130,139,1610612747,1610612745
986,0022100989,2022-03-09,104,119,1610612759,1610612761
987,0022100988,2022-03-09,77,107,1610612742,1610612752
988,0022100990,2022-03-09,123,85,1610612762,1610612757
989,0022100991,2022-03-09,106,100,1610612743,1610612758
990,0022100992,2022-03-09,109,115,1610612764,1610612746
991,0022100994,2022-03-10,102,113,1610612743,1610612744
992,0022100993,2022-03-10,129,100,1610612751,1610612755
993,0022100995,2022-03-11,110,118,1610612750,1610612753
994,0022100997,2022-03-11,114,103,1610612738,1610612765
995,0022100999,2022-03-11,113,100,1610612742,1610612745
996,0022100998,2022-03-11,105,117,1610612739,1610612748
997,0022101001,2022-03-11,142,120,1610612766,1610612740
998,0022101002,2022-03-11,104,102,1610612759,1610612762
999,0022101003,2022-03-11,112,117,1610612756,1610612761
1000,0022101004,2022-03-11,109,122,1610612764,1610612747
1001,0022100996,2022-03-11,112,106,1610612737,1610612746
1002,0022101000,2022-03-11,118,114,1610612763,1610612752
1003,0022101007,2022-03-12,108,119,1610612759,1610612754
1004,0022101005,2022-03-12,104,113,1610612748,1610612750
1005,0022101006,2022-03-12,101,91,1610612741,1610612739
1006,0022101008,2022-03-12,109,122,1610612749,1610612744
1007,0022101009,2022-03-12,115,127,1610612743,1610612761
1008,0022101010,2022-03-12,125,134,1610612758,1610612762
1009,0022101011,2022-03-12,118,127,1610612764,1610612757
1010,0022101012,2022-03-13,107,110,1610612752,1610612751
1011,0022101013,2022-03-13,102,106,1610612765,1610612746
1012,0022101018,2022-03-13,125,118,1610612763,1610612760
1013,0022101019,2022-03-13,111,140,1610612747,1610612756
1014,0022101014,2022-03-13,92,95,1610612738,1610612742
1015,0022101015,2022-03-13,114,116,1610612753,1610612755
1016,0022101017,2022-03-13,105,130,1610612745,1610612740
1017,0022101016,2022-03-13,131,128,1610612737,1610612754
1018,0022101020,2022-03-14,111,120,1610612746,1610612739
1019,0022101022,2022-03-14,110,114,1610612755,1610612743
1020,0022101021,2022-03-14,122,113,1610612737,1610612757
1021,0022101024,2022-03-14,149,139,1610612750,1610612759
1022,0022101026,2022-03-14,103,112,1610612741,1610612758
1023,0022101025,2022-03-14,126,112,1610612744,1610612764
1024,0022101027,2022-03-14,111,117,1610612762,1610612749
1025,0022101028,2022-03-14,114,103,1610612761,1610612747
1026,0022101023,2022-03-14,134,116,1610612766,1610612760
1027,0022101031,2022-03-15,98,105,1610612765,1610612748
1028,0022101032,2022-03-15,115,131,1610612740,1610612756
1029,0022101030,2022-03-15,150,108,1610612751,1610612753
1030,0022101029,2022-03-15,102,135,1610612754,1610612763
1031,0022101039,2022-03-16,124,104,1610612750,1610612747
1032,0022101040,2022-03-16,120,122,1610612760,1610612759
1033,0022101041,2022-03-16,110,125,1610612741,1610612762
1034,0022101043,2022-03-16,126,135,1610612758,1610612749
1035,0022101042,2022-03-16,88,110,1610612744,1610612738
1036,0022101044,2022-03-16,103,100,1610612761,1610612746
1037,0022101033,2022-03-16,116,106,1610612766,1610612737
1038,0022101034,2022-03-16,114,118,1610612739,1610612755
1039,0022101035,2022-03-16,127,109,1610612743,1610612764
1040,0022101037,2022-03-16,128,98,1610612752,1610612757
1041,0022101036,2022-03-16,111,113,1610612751,1610612742
1042,0022101038,2022-03-16,112,129,1610612745,1610612756
1043,0022101045,2022-03-17,120,134,1610612753,1610612765
1044,0022101046,2022-03-18,111,101,1610612755,1610612742
1045,0022101047,2022-03-18,105,120,1610612763,1610612737
1046,0022101050,2022-03-18,100,97,1610612752,1610612764
1047,0022101048,2022-03-18,123,128,1610612757,1610612751
1048,0022101049,2022-03-18,119,116,1610612739,1610612743
1049,0022101051,2022-03-18,128,123,1610612747,1610612761
1050,0022101052,2022-03-18,108,120,1610612760,1610612748
1051,0022101053,2022-03-18,118,121,1610612745,1610612754
1052,0022101054,2022-03-18,124,91,1610612740,1610612759
1053,0022101055,2022-03-18,121,92,1610612762,1610612746
1054,0022101057,2022-03-18,126,97,1610612738,1610612758
1055,0022101056,2022-03-18,129,102,1610612756,1610612741
1056,0022101058,2022-03-19,138,119,1610612750,1610612749
1057,0022101059,2022-03-19,108,129,1610612742,1610612766
1058,0022101060,2022-03-19,109,113,1610612765,1610612739
1059,0022101061,2022-03-19,127,119,1610612764,1610612747
1060,0022101064,2022-03-20,117,112,1610612740,1610612737
1061,0022101066,2022-03-20,127,124,1610612756,1610612758
1062,0022101067,2022-03-20,93,108,1610612752,1610612762
1063,0022101068,2022-03-20,104,124,1610612743,1610612738
1064,0022101069,2022-03-20,88,93,1610612755,1610612761
1065,0022101070,2022-03-20,110,108,1610612759,1610612744
1066,0022101062,2022-03-20,98,129,1610612757,1610612754
1067,0022101063,2022-03-20,122,98,1610612763,1610612745
1068,0022101065,2022-03-20,85,90,1610612760,1610612753
1069,0022101071,2022-03-21,103,106,1610612740,1610612766
1070,0022101072,2022-03-21,131,120,1610612747,1610612739
1071,0022101074,2022-03-21,106,113,1610612748,1610612755
1072,0022101075,2022-03-21,114,106,1610612751,1610612762
1073,0022101073,2022-03-21,115,119,1610612765,1610612757
1074,0022101076,2022-03-21,99,113,1610612761,1610612741
1075,0022101077,2022-03-21,97,115,1610612764,1610612745
1076,0022101078,2022-03-21,132,123,1610612738,1610612760
1077,0022101079,2022-03-21,110,108,1610612742,1610612750
1078,0022101080,2022-03-22,90,94,1610612744,1610612753
1079,0022101081,2022-03-22,117,111,1610612737,1610612752
1080,0022101082,2022-03-22,126,98,1610612749,1610612741
1081,0022101083,2022-03-22,127,115,1610612743,1610612746
1082,0022101084,2022-03-23,106,121,1610612766,1610612752
1083,0022101085,2022-03-23,101,122,1610612737,1610612765
1084,0022101087,2022-03-23,125,97,1610612738,1610612762
1085,0022101086,2022-03-23,110,109,1610612758,1610612754
1086,0022101090,2022-03-23,116,125,1610612750,1610612756
1087,0022101089,2022-03-23,132,120,1610612763,1610612751
1088,0022101088,2022-03-23,118,104,1610612744,1610612748
1089,0022101091,2022-03-23,102,118,1610612753,1610612760
1090,0022101092,2022-03-23,91,110,1610612745,1610612742
1091,0022101094,2022-03-23,133,96,1610612759,1610612757
1092,0022101093,2022-03-23,126,121,1610612755,1610612747
1093,0022101095,2022-03-24,117,104,1610612761,1610612739
1094,0022101096,2022-03-24,133,103,1610612763,1610612754
1095,0022101097,2022-03-24,102,114,1610612764,1610612749
1096,0022101098,2022-03-24,126,109,1610612740,1610612741
1097,0022101099,2022-03-24,130,140,1610612743,1610612756
1098,0022101100,2022-03-25,107,101,1610612766,1610612762
1099,0022101101,2022-03-25,100,97,1610612764,1610612765
1100,0022101102,2022-03-25,110,121,1610612744,1610612737
1101,0022101104,2022-03-25,95,116,1610612742,1610612750
1102,0022101103,2022-03-25,103,111,1610612748,1610612752
1103,0022101105,2022-03-25,125,106,1610612745,1610612757
1104,0022101106,2022-03-25,97,122,1610612746,1610612755
1105,0022101107,2022-03-26,107,103,1610612759,1610612740
1106,0022101111,2022-03-26,95,110,1610612748,1610612751
1107,0022101108,2022-03-26,110,114,1610612753,1610612758
1108,0022101109,2022-03-26,131,91,1610612761,1610612754
1109,0022101112,2022-03-26,102,127,1610612749,1610612763
1110,0022101113,2022-03-26,113,107,1610612743,1610612760
1111,0022101110,2022-03-26,94,98,1610612739,1610612741
1112,0022101114,2022-03-26,98,115,1610612757,1610612745
1113,0022101117,2022-03-27,115,123,1610612744,1610612764
1114,0022101115,2022-03-27,104,102,1610612752,1610612765
1115,0022101116,2022-03-27,112,134,1610612750,1610612738
1116,0022101118,2022-03-27,104,114,1610612755,1610612756
1117,0022101119,2022-03-27,116,108,1610612740,1610612747
1118,0022101121,2022-03-27,114,100,1610612742,1610612762
1119,0022101120,2022-03-27,110,119,1610612751,1610612766
1120,0022101127,2022-03-28,115,112,1610612761,1610612738
1121,0022101123,2022-03-28,107,101,1610612739,1610612753
1122,0022101124,2022-03-28,132,123,1610612737,1610612754
1123,0022101122,2022-03-28,109,113,1610612766,1610612743
1124,0022101125,2022-03-28,100,123,1610612758,1610612748
1125,0022101126,2022-03-28,104,109,1610612741,1610612752
1126,0022101128,2022-03-28,120,123,1610612745,1610612759
1127,0022101129,2022-03-28,95,123,1610612744,1610612763
1128,0022101130,2022-03-28,131,134,1610612757,1610612760
1129,0022101132,2022-03-29,94,107,1610612764,1610612741
1130,0022101131,2022-03-29,118,116,1610612749,1610612755
1131,0022101134,2022-03-29,110,128,1610612747,1610612742
1132,0022101133,2022-03-29,130,123,1610612751,1610612765
1133,0022101135,2022-03-29,115,121,1610612762,1610612746
1134,0022101136,2022-03-30,120,112,1610612742,1610612739
1135,0022101141,2022-03-30,125,102,1610612761,1610612750
1136,0022101138,2022-03-30,110,127,1610612753,1610612764
1137,0022101137,2022-03-30,118,125,1610612754,1610612743
1138,0022101140,2022-03-30,125,114,1610612766,1610612752
1139,0022101143,2022-03-30,136,118,1610612737,1610612760
1140,0022101139,2022-03-30,106,98,1610612748,1610612738
1141,0022101142,2022-03-30,118,121,1610612745,1610612758
1142,0022101144,2022-03-30,111,112,1610612759,1610612763
1143,0022101146,2022-03-30,117,107,1610612740,1610612757
1144,0022101145,2022-03-30,107,103,1610612756,1610612744
1145,0022101150,2022-03-31,109,122,1610612747,1610612762
1146,0022101147,2022-03-31,102,94,1610612765,1610612755
1147,0022100452,2022-03-31,131,107,1610612737,1610612739
1148,0022101148,2022-03-31,120,119,1610612749,1610612751
1149,0022101149,2022-03-31,135,130,1610612741,1610612746
1150,0022101152,2022-04-01,135,103,1610612764,1610612742
1151,0022101153,2022-04-01,123,128,1610612754,1610612738
1152,0022101157,2022-04-01,110,101,1610612765,1610612760
1153,0022101151,2022-04-01,102,89,1610612761,1610612753
1154,0022101156,2022-04-01,153,119,1610612746,1610612749
1155,0022101154,2022-04-01,122,117,1610612758,1610612745
1156,0022101155,2022-04-01,114,122,1610612756,1610612763
1157,0022101158,2022-04-01,111,130,1610612757,1610612759
1158,0022101159,2022-04-01,130,136,1610612743,1610612750
1159,0022101160,2022-04-01,111,114,1610612747,1610612740
1160,0022101161,2022-04-02,144,114,1610612755,1610612766
1161,0022101162,2022-04-02,101,119,1610612752,1610612739
1162,0022101163,2022-04-02,122,115,1610612737,1610612751
1163,0022101164,2022-04-02,127,109,1610612748,1610612741
1164,0022101165,2022-04-02,111,107,1610612744,1610612762
1165,0022101170,2022-04-03,112,108,1610612755,1610612739
1166,0022101174,2022-04-03,117,96,1610612760,1610612756
1167,0022101175,2022-04-03,113,92,1610612759,1610612757
1168,0022101166,2022-04-03,102,144,1610612764,1610612738
1169,0022101167,2022-04-03,118,112,1610612742,1610612749
1170,0022101168,2022-04-03,118,129,1610612747,1610612743
1171,0022101173,2022-04-03,139,132,1610612750,1610612745
1172,0022101172,2022-04-03,114,109,1610612748,1610612761
1173,0022101169,2022-04-03,121,117,1610612765,1610612754
1174,0022101176,2022-04-03,109,90,1610612744,1610612758
1175,0022101177,2022-04-03,119,100,1610612746,1610612740
1176,0022101171,2022-04-03,118,88,1610612752,1610612753
1177,0022101186,2022-04-05,116,97,1610612759,1610612743
1178,0022101187,2022-04-05,115,121,1610612763,1610612762
1179,0022101188,2022-04-05,123,109,1610612740,1610612758
1180,0022101179,2022-04-05,120,115,1610612753,1610612739
1181,0022101189,2022-04-05,121,110,1610612756,1610612747
1182,0022101182,2022-04-05,108,118,1610612737,1610612761
1183,0022101180,2022-04-05,105,118,1610612745,1610612751
1184,0022101181,2022-04-05,115,144,1610612766,1610612748
1185,0022101184,2022-04-05,114,132,1610612750,1610612764
1186,0022101185,2022-04-05,98,94,1610612760,1610612757
1187,0022101183,2022-04-05,106,127,1610612741,1610612749
1188,0022101178,2022-04-05,131,122,1610612755,1610612754
1189,0022101190,2022-04-06,131,113,1610612742,1610612765
1190,0022101191,2022-04-06,98,110,1610612752,1610612751
1191,0022101192,2022-04-06,118,103,1610612737,1610612764
1192,0022101193,2022-04-06,94,117,1610612741,1610612738
1193,0022101194,2022-04-06,137,101,1610612762,1610612760
1194,0022101195,2022-04-06,109,113,1610612756,1610612746
1195,0022101196,2022-04-07,101,128,1610612753,1610612766
1196,0022101197,2022-04-07,119,114,1610612761,1610612755
1197,0022101200,2022-04-07,94,127,1610612757,1610612740
1198,0022101199,2022-04-07,121,127,1610612759,1610612750
1199,0022101201,2022-04-07,122,109,1610612743,1610612763
1200,0022101202,2022-04-07,112,128,1610612747,1610612744
1201,0022101198,2022-04-07,121,127,1610612738,1610612749
1202,0022101204,2022-04-08,114,92,1610612752,1610612764
1203,0022101203,2022-04-08,131,101,1610612749,1610612765
1204,0022101206,2022-04-08,117,115,1610612761,1610612745
1205,0022101205,2022-04-08,107,118,1610612739,1610612751
1206,0022101208,2022-04-08,133,117,1610612766,1610612741
1207,0022101207,2022-04-08,109,113,1610612737,1610612748
1208,0022101209,2022-04-08,128,78,1610612742,1610612757
1209,0022101210,2022-04-08,105,111,1610612762,1610612756
1210,0022101211,2022-04-08,120,101,1610612747,1610612760
1211,0022101214,2022-04-09,120,133,1610612754,1610612755
1212,0022101213,2022-04-09,114,141,1610612740,1610612763
1213,0022101215,2022-04-09,94,100,1610612759,1610612744
1214,0022101212,2022-04-09,98,117,1610612758,1610612746
1215,0022101222,2022-04-10,88,138,1610612760,1610612746
1216,0022101219,2022-04-10,120,130,1610612759,1610612742
1217,0022101225,2022-04-10,128,107,1610612744,1610612740
1218,0022101230,2022-04-10,80,111,1610612757,1610612762
1219,0022101229,2022-04-10,109,116,1610612756,1610612758
1220,0022101218,2022-04-10,133,115,1610612739,1610612749
1221,0022101217,2022-04-10,108,124,1610612764,1610612766
1222,0022101221,2022-04-10,130,114,1610612737,1610612745
1223,0022101216,2022-04-10,134,126,1610612751,1610612754
1224,0022101226,2022-04-10,105,94,1610612752,1610612761
1225,0022101227,2022-04-10,125,111,1610612753,1610612748
1226,0022101220,2022-04-10,146,141,1610612747,1610612743
1227,0022101223,2022-04-10,139,110,1610612738,1610612763
1228,0022101228,2022-04-10,118,106,1610612755,1610612765
1229,0022101224,2022-04-10,124,120,1610612741,1610612750
